{
    "spatial_frequency_threshold": 98.33333333333333,
    "flicker_threshold": 31.444444444444443,
    "contrast_threshold": 0.00375,
    "color_threshold": {
        "red": 0.9375,
        "green": 0.9375
    }
}